domaine,type,url,identifiant_apparie
furnacefilterscanada.com,product,/m8-1056/,en:34
furnacefilterscanada.com,product,/m1-1056/,en:36
furnacefilterscanada.com,product,/m2-1056/,en:37
furnacefilterscanada.com,product,/venmar-air-exchanger-filter/,en:39
furnacefilterscanada.com,product,/hc22e1003/,en:40
furnacefilterscanada.com,product,/hc26e1004/,en:41
furnacefilterscanada.com,product,/furnace-filter-16x25x4/,en:42
furnacefilterscanada.com,product,/20x25x4-furnace-filter-merv-8/,en:54
furnacefilterscanada.com,product,/24x24x4-air-filter/,en:55
furnacefilterscanada.com,product,/25x25x2-furnace-filter-merv-11/,en:74
furnacefilterscanada.com,product,/25x25x2-furnace-filter/,en:76
furnacefilterscanada.com,product,/14x20x2-furnace-filter/,en:81
furnacefilterscanada.com,product,/15x20x2-furnace-filter-merv-11/,en:82
furnacefilterscanada.com,product,/16x24x2-furnace-filter-merv-11/,en:83
furnacefilterscanada.com,product,/18x25x2-furnace-filter-merv-11/,en:87
furnacefilterscanada.com,product,/20x24x2-furnace-filter-merv-11/,en:89
furnacefilterscanada.com,product,/20x25x2-furnace-filter-merv-11/,en:90
furnacefilterscanada.com,product,/20x25x2-furnace-filter/,en:99
furnacefilterscanada.com,product,/18x25x2-furnace-filter/,en:102
furnacefilterscanada.com,product,/24x24x2-furnace-filter/,en:115
furnacefilterscanada.com,product,/20x30x2-furnace-filter/,en:116
furnacefilterscanada.com,product,/20x24x2-furnace-filter/,en:118
furnacefilterscanada.com,product,/18x24x2-furnace-filter/,en:121
furnacefilterscanada.com,product,/18x20x2-furnace-filter/,en:122
furnacefilterscanada.com,product,/16x24x2-furnace-filter/,en:124
furnacefilterscanada.com,product,/15x20x2-furnace-filter/,en:126
furnacefilterscanada.com,product,/14x25x2-furnace-filter/,en:127
furnacefilterscanada.com,product,/12x24x2-furnace-filter/,en:129
furnacefilterscanada.com,product,/12x20x2-furnace-filter/,en:130
furnacefilterscanada.com,product,/10x20x2-furnace-filter/,en:131
furnacefilterscanada.com,product,/14x25x2-furnace-filter-merv-11/,en:189
furnacefilterscanada.com,product,/20x20x5-air-filter/,en:198
furnacefilterscanada.com,product,/15-3-4-x-24-1-4-x-3-inches-merv-11-3-pack/,en:202
furnacefilterscanada.com,product,/20x25x5-trion-air-bear/,en:205
furnacefilterscanada.com,product,/16x25x5-trion-air-bear-furnace-filter/,en:207
furnacefilterscanada.com,product,/Aprilaire-Filter-2400/,en:238
furnacefilterscanada.com,product,/aprilaire-filter-2200/,en:239
furnacefilterscanada.com,product,/aprilaire-35-water-panel-3-pack/,en:241
furnacefilterscanada.com,product,/aprilaire-water-panel-part-10/,en:242
furnacefilterscanada.com,product,/24x24x1-furnace-filter/,en:254
furnacefilterscanada.com,product,/20x24x1-furnace-filter/,en:259
furnacefilterscanada.com,product,/16x16x1-furnace-filter/,en:262
furnacefilterscanada.com,product,/18x20x1-furnace-filter/,en:263
furnacefilterscanada.com,product,/18x24x1-furnace-filter/,en:264
furnacefilterscanada.com,product,/15x25x1-furnace-filter/,en:265
furnacefilterscanada.com,product,/10x24x1-furnace-filter/,en:267
furnacefilterscanada.com,product,/10x25x1-furnace-filter/,en:268
furnacefilterscanada.com,product,/12x25x1-furnace-filter/,en:270
furnacefilterscanada.com,product,/12x16x1-furnace-filter/,en:271
furnacefilterscanada.com,product,/14x24x1-furnace-filter/,en:272
furnacefilterscanada.com,product,/20x30x1-furnace-filter/,en:273
furnacefilterscanada.com,product,/22x22x1-furnace-filter-merv-8-12-pack/,en:274
furnacefilterscanada.com,product,/25x25x1-furnace-filter/,en:275
furnacefilterscanada.com,product,/24x24x1-furnace-filter-merv-8/,en:279
furnacefilterscanada.com,product,/14x20x1-furnace-filter/,en:280
furnacefilterscanada.com,product,/15x20x1-furnace-filter/,en:282
furnacefilterscanada.com,product,/12x24x1-furnace-filter/,en:284
furnacefilterscanada.com,product,/18x25x1-furnace-filter/,en:287
furnacefilterscanada.com,product,/16x24x1-furnace-filter/,en:292
furnacefilterscanada.com,product,/20x20x1-furnace-filter/,en:299
furnacefilterscanada.com,product,/24x24x1-furnace-filter-merv-11/,en:302
furnacefilterscanada.com,product,/furnace-filters-14x25x1/,en:304
furnacefilterscanada.com,product,/20x24x1-furnace-filter-merv-8/,en:307
furnacefilterscanada.com,product,/16x16x2-furnace-filter/,en:326
furnacefilterscanada.com,product,/15x25x2-furnace-filter/,en:327
furnacefilterscanada.com,product,/16x16x2-furnace-filter-merv-11/,en:330
furnacefilterscanada.com,product,/fc100a1003/,en:343
furnacefilterscanada.com,product,/honeywell-filter-fc100a1011/,en:344
furnacefilterscanada.com,product,/fc100a1029/,en:345
furnacefilterscanada.com,product,/fc100a1037/,en:346
furnacefilterscanada.com,product,/furnace-filters-16x20x1-camfil-ap-3/,en:348
furnacefilterscanada.com,product,/16x24x4-furnace-filter/,en:351
furnacefilterscanada.com,product,/20x20x4-air-filter/,en:354
furnacefilterscanada.com,product,/20x25x1-furnace-filter/,en:358
furnacefilterscanada.com,product,/16x20x4-air-filter/,en:362
furnacefilterscanada.com,product,/20x20x2-furnace-filter-merv-8/,en:366
furnacefilterscanada.com,product,/12x20x1-furnace-filter/,en:367
furnacefilterscanada.com,product,/16x25x2-furnace-filter/,en:368
furnacefilterscanada.com,product,/12x24x4-furnace-filter/,en:374
furnacefilterscanada.com,product,/18x24x4-furnace-filter/,en:376
furnacefilterscanada.com,product,/20x24x4-furnace-filter/,en:377
furnacefilterscanada.com,product,/7x20x1-furnace-filter/,en:378
furnacefilterscanada.com,product,/10x20x1-air-filter/,en:379
furnacefilterscanada.com,product,/25x29x4-furnace-filter-camfil-30-30/,en:397
furnacefilterscanada.com,product,/16x20x2-furnace-filter/,en:399
furnacefilterscanada.com,product,/16x25x1-furnace-filter/,en:406
furnacefilterscanada.com,product,/16x20x4-air-filter-merv-8/,en:416
furnacefilterscanada.com,product,/16x25x4-furnace-filter-merv-11/,en:417
furnacefilterscanada.com,product,/16x25x4-furnace-filter-merv-13/,en:418
furnacefilterscanada.com,product,/20x20x4-air-filter-merv-8/,en:419
furnacefilterscanada.com,product,/20x20x4-air-filter-merv-11/,en:420
furnacefilterscanada.com,product,/20x20x4-air-filter-merv-13/,en:421
furnacefilterscanada.com,product,/furnace-filters-16x20x1/,en:422
furnacefilterscanada.com,product,/16x20x1-furnace-filter-merv-8/,en:423
furnacefilterscanada.com,product,/20x25x4-furnace-filter-merv-11/,en:424
furnacefilterscanada.com,product,/20x25x4-camfil-30-30/,en:425
furnacefilterscanada.com,product,/20x25x4-furnace-filter-merv-13/,en:426
furnacefilterscanada.com,product,/16x25x1-furnace-filter-merv-11/,en:427
furnacefilterscanada.com,product,/16x25x1-furnace-filter-merv-8/,en:428
furnacefilterscanada.com,product,/20x20x1-furnace-filter-merv-11/,en:429
furnacefilterscanada.com,product,/20x20x1-furnace-filter-merv-8/,en:430
furnacefilterscanada.com,product,/16x20x4-air-filter-merv-11/,en:431
furnacefilterscanada.com,product,/20x25x1-furnace-filter-merv-11/,en:433
furnacefilterscanada.com,product,/20x25x1-furnace-filter-merv-8/,en:434
furnacefilterscanada.com,product,/16x20x4-air-filter-merv-13/,en:436
furnacefilterscanada.com,product,/16x25x4-furnace-filter-merv-8/,en:437
furnacefilterscanada.com,product,/24x24x4-air-filter-merv-11/,en:438
furnacefilterscanada.com,product,/24x24x4-air-filter-merv-8/,en:439
furnacefilterscanada.com,product,/24x24x4-air-filter-merv-13/,en:440
furnacefilterscanada.com,product,/16x25x2-furnace-filter-merv-11/,en:441
furnacefilterscanada.com,product,/16x25x2-furnace-filter-merv-8/,en:442
furnacefilterscanada.com,product,/16x25x2-furnace-filter-merv-13/,en:443
furnacefilterscanada.com,product,/20x20x2-furnace-filter-camfil-30-30/,en:444
furnacefilterscanada.com,product,/20x20x2-furnace-filter-merv-11/,en:445
furnacefilterscanada.com,product,/20x20x2-furnace-filter-merv-13/,en:446
furnacefilterscanada.com,product,/20x25x2-air-filter-merv-13/,en:447
furnacefilterscanada.com,product,/20x25x2-furnace-filter-merv-8/,en:448
furnacefilterscanada.com,product,/16x20x2-furnace-filter-merv-8/,en:449
furnacefilterscanada.com,product,/16x20x2-furnace-filter-merv-11/,en:450
furnacefilterscanada.com,product,/16x20x2-furnace-filter-merv-13/,en:451
furnacefilterscanada.com,product,/24x24x2-furnace-filter-merv-8/,en:452
furnacefilterscanada.com,product,/24x24x2-furnace-filter-merv-11/,en:453
furnacefilterscanada.com,product,/24x24x2-furnace-filter-merv-13/,en:454
furnacefilterscanada.com,product,/12x24x4-furnace-filter-merv-8/,en:455
furnacefilterscanada.com,product,/20x24x4-furnace-filter-merv-8,en:456
furnacefilterscanada.com,product,/18x24x4-furnace-filter-merv-8/,en:457
furnacefilterscanada.com,product,/14x20x1-furnace-filter-merv-11/,en:458
furnacefilterscanada.com,product,/furnace-filters-14x25x1-merv-11/,en:459
furnacefilterscanada.com,product,/15x20x1-furnace-filter-merv-11/,en:460
furnacefilterscanada.com,product,/20x24x1-furnace-filter-merv-11/,en:461
furnacefilterscanada.com,product,/12x24x1-furnace-filter-merv-11/,en:462
furnacefilterscanada.com,product,/10x20x1-furnace-filter-merv-11/,en:463
furnacefilterscanada.com,product,/15x25x1-furnace-filter-merv-11/,en:464
furnacefilterscanada.com,product,/16x16x1-furnace-filter-merv-11/,en:465
furnacefilterscanada.com,product,/18x20x1-furnace-filter-merv-11/,en:466
furnacefilterscanada.com,product,/18x24x1-furnace-filter-merv-11/,en:467
furnacefilterscanada.com,product,/16x24x1-furnace-filter-merv-11/,en:468
furnacefilterscanada.com,product,/10x24x1-furnace-filter-merv-11/,en:469
furnacefilterscanada.com,product,/12x20x1-furnace-filter-merv-11/,en:470
furnacefilterscanada.com,product,/14x24x1-furnace-filter-merv-11/,en:471
furnacefilterscanada.com,product,/22x22x1-furnace-filter-merv-11/,en:472
furnacefilterscanada.com,product,/25x25x1-furnace-filter-merv-11/,en:473
furnacefilterscanada.com,product,/18x25x1-furnace-filter-merv-11/,en:474
furnacefilterscanada.com,product,/10x20x2-furnace-filter-merv-11/,en:475
furnacefilterscanada.com,product,/12x24x2-furnace-filter-merv-11/,en:476
furnacefilterscanada.com,product,/14x20x2-furnace-filter-merv-11/,en:477
furnacefilterscanada.com,product,/18x24x2-furnace-filter-merv-11/,en:478
furnacefilterscanada.com,product,/12x20x2-furnace-filter-merv-11/,en:479
furnacefilterscanada.com,product,/14x20x1-furnace-filter-merv-8/,en:480
furnacefilterscanada.com,product,/15x20x1-furnace-filter-merv-8/,en:481
furnacefilterscanada.com,product,/12x24x1-furnace-filter-merv-8/,en:482
furnacefilterscanada.com,product,/16x24x1-furnace-filter-merv-8/,en:483
furnacefilterscanada.com,product,/18x24x1-furnace-filter-merv-8/,en:484
furnacefilterscanada.com,product,/10x20x1-furnace-filter-merv-8/,en:485
furnacefilterscanada.com,product,/18x25x1-furnace-filter-merv-8/,en:486
furnacefilterscanada.com,product,/16x16x1-furnace-filter-merv-8/,en:487
furnacefilterscanada.com,product,/18x20x1-furnace-filter-merv-8/,en:488
furnacefilterscanada.com,product,/15x25x1-furnace-filter-merv-8/,en:489
furnacefilterscanada.com,product,/10x24x1-furnace-filter-merv-8/,en:490
furnacefilterscanada.com,product,/10x25x1-furnace-filter-merv-8/,en:491
furnacefilterscanada.com,product,/12x20x1-furnace-filter-merv-8/,en:492
furnacefilterscanada.com,product,/12x25x1-furnace-filter-merv-8/,en:493
furnacefilterscanada.com,product,/12x16x1-furnace-filter-merv-8/,en:494
furnacefilterscanada.com,product,/14x24x1-furnace-filter-merv-8/,en:495
furnacefilterscanada.com,product,/7x20x1-furnace-filter-merv-8/,en:496
furnacefilterscanada.com,product,/22x22x1-furnace-filter-merv-8/,en:497
furnacefilterscanada.com,product,/25x25x1-furnace-filter-merv-8/,en:498
furnacefilterscanada.com,product,/14x20x2-furnace-filter-merv-8/,en:499
furnacefilterscanada.com,product,/14x25x2-furnace-filter-merv-8/,en:500
furnacefilterscanada.com,product,/15x20x2-furnace-filter-merv-8/,en:501
furnacefilterscanada.com,product,/12x24x2-furnace-filter-merv-8/,en:502
furnacefilterscanada.com,product,/20x24x2-furnace-filter-merv-8/,en:503
furnacefilterscanada.com,product,/10x20x2-furnace-filter-merv-8/,en:504
furnacefilterscanada.com,product,/18x25x2-furnace-filter-merv-8/,en:507
furnacefilterscanada.com,product,/16x16x2-furnace-filter-merv-8/,en:508
furnacefilterscanada.com,product,/25x25x2-furnace-filter-merv-8/,en:509
furnacefilterscanada.com,product,/20x30x2-furnace-filter-merv-8/,en:510
furnacefilterscanada.com,product,/12x20x2-furnace-filter-merv-8/,en:511
furnacefilterscanada.com,product,/16x24x2-furnace-filter-merv-8/,en:512
furnacefilterscanada.com,product,/15x25x2-furnace-filter-merv-8/,en:513
furnacefilterscanada.com,product,/18x24x2-furnace-filter-merv-8/,en:514
furnacefilterscanada.com,product,/18x20x2-furnace-filter-merv-8/,en:515
furnacefilterscanada.com,product,/14x25x2-furnace-filter-merv-13/,en:517
furnacefilterscanada.com,product,/12x24x2-furnace-filter-merv-13/,en:518
furnacefilterscanada.com,product,/20x24x2-furnace-filter-merv-13/,en:519
furnacefilterscanada.com,product,/18x24x2-furnace-filter-merv-13/,en:520
furnacefilterscanada.com,product,/16x24x2-furnace-filter-merv-13/,en:521
furnacefilterscanada.com,product,/12x20x2-furnace-filter-merv-13/,en:522
furnacefilterscanada.com,product,/25x25x2-furnace-filter-merv-13/,en:523
furnacefilterscanada.com,product,/18x24x4-furnace-filter-merv-11/,en:524
furnacefilterscanada.com,product,/12x24x4-air-filter-merv-11/,en:525
furnacefilterscanada.com,product,/20x24x4-air-filter-merv-11/,en:526
furnacefilterscanada.com,product,/16x24x4-air-filter-merv-13/,en:527
furnacefilterscanada.com,product,/18x24x4-air-filter-merv-13/,en:528
furnacefilterscanada.com,product,/20x24x4-air-filter-merv-13/,en:529
furnacefilterscanada.com,product,/12x24x4-air-filter-merv-13/,en:530
furnacefilterscanada.com,product,/14x25x1-furnace-filter-camfil-30-30/,en:533
furnacefilterscanada.com,product,/10x10x1-furnace-filter-camfil-30-30/,en:534
furnacefilterscanada.com,product,/12x12x1-furnace-filter-camfil-30-30/,en:535
furnacefilterscanada.com,product,/25x25x4-furnace-filter-camfil-30-30/,en:536
furnacefilterscanada.com,product,/16x24x4-furnace-filter-camfil-ap-11/,en:537
furnacefilterscanada.com,product,/m1-1056-filter/,en:538
furnacefilterscanada.com,product,/m2-1056-filter/,en:539
furnacefilterscanada.com,product,/m8-1056-filter/,en:540
furnacefilterscanada.com,product,/m0-1056-filter/,en:541
furnacefilterscanada.com,product,/generalaire-20x25x5/,en:542
furnacefilterscanada.com,product,/generalaire-16x25x5/,en:543
furnacefilterscanada.com,product,/generalaire-20x20x5/,en:544
furnacefilterscanada.com,product,/15x20x2-furnace-filter-merv-13/,en:545
furnacefilterscanada.com,product,/city-m-air-purifier/,en:546
furnacefilterscanada.com,product,/city-m-air-purifier-black/,en:547
furnacefilterscanada.com,product,/city-m-replacement-filters-set/,en:548
furnacefilterscanada.com,product,/16x25x1-charcoal-furnace-filter-12-pack-7oop/,en:549
furnacefilterscanada.com,product,/990-13-evaporator-pad/,en:550
furnacefilterscanada.com,product,/10x20x4-furnace-filter-camfil-ap-3/,en:551
furnacefilterscanada.com,product,/20x20x1-charcoal-furnace-filter-12-pack/,en:553
furnacefilterscanada.com,product,/charcoal-furnace-filter-by-camfil/,en:554
furnacefilterscanada.com,product,/16x25x4-furnace-filter-merv-13-/,en:555
furnacefilterscanada.com,product,/fantech-hero-150h-428526-merv-8-filter-replacement-kit-2-filters/,en:556
furnacefilterscanada.com,product,/16x25x1-air-filter-merv-13/,en:557
furnacefilterscanada.com,product,/20x20x4-furnace-filter-merv-13/,en:558
furnacefilterscanada.com,product,/20x20x1-furnace-filter-merv-13/,en:559
furnacefilterscanada.com,product,/16x20x1-furnace-filter-merv-13/,en:560
furnacefilterscanada.com,product,/20x20x2-furnace-filter-merv-13-/,en:561
furnacefilterscanada.com,product,/16x25x2-furnace-filter-merv-13-/,en:562
furnacefilterscanada.com,product,/16x20x2-furnace-filter-merv-13-/,en:563
furnacefilterscanada.com,product,/16x20x4-furnace-filter-merv-13-/,en:564
furnacefilterscanada.com,product,/20x20x2-furnace-filter-merv-8-/,en:565
furnacefilterscanada.com,product,/16x25x2-furnace-filter-merv-8-/,en:566
furnacefilterscanada.com,product,/fantech-40193-16x16x2-hepa-replacement-filter/,en:567
furnacefilterscanada.com,product,/camfil-dual-9/,en:568
furnacefilterscanada.com,product,/reservepro-generalaire-ga35-vapor-pad/,en:570
furnacefilterscanada.com,product,/fantech-hero-150h-428548-filter-replacement-kit/,en:571
furnacefilterscanada.com,product,/fantech-hero-120h-428525-merv-8-filter-replacement-kit/,en:572
furnacefilterscanada.com,product,/fantech-hero-200h-and-250h-428527-merv-8/,en:573
furnacefilterscanada.com,product,/fantech-40195-16x16x2-merv-8-carbon-replacement-filter/,en:574
furnacefilterscanada.com,product,/16x20x1-furnace-filter-merv-13-/,en:575
furnacefilterscanada.com,product,/16x25x1-furnace-filter-merv-13-/,en:576
furnacefilterscanada.com,product,/20x20x1-furnace-filter-merv-13-/,en:577
furnacefilterscanada.com,product,/20x25x1-furnace-filter-merv-13/,en:578
furnacefilterscanada.com,product,/24x24x1-furnace-filter-merv-13/,en:579
furnacefilterscanada.com,product,/14x20x1-furnace-filter-merv-13/,en:580
furnacefilterscanada.com,product,/14x25x1-furnace-filter-merv-13/,en:581
furnacefilterscanada.com,product,/fantech-washable-filter-414647/,en:582
furnacefilterscanada.com,product,/16x24x1-furnace-filter-merv-13/,en:583
furnacefilterscanada.com,product,/15x20x1-furnace-filter-merv-13/,en:584
furnacefilterscanada.com,product,/12x24x1-furnace-filter-merv-13/,en:585
furnacefilterscanada.com,product,/20x24x1-furnace-filter-merv-13/,en:586
furnacefilterscanada.com,product,/10x20x1-furnace-filter-merv-13/,en:587
furnacefilterscanada.com,product,/18x25x1-furnace-filter-merv-13/,en:588
furnacefilterscanada.com,product,/16x16x1-furnace-filter-merv-13/,en:589
furnacefilterscanada.com,product,/18x24x1-furnace-filter-merv-13/,en:590
furnacefilterscanada.com,product,/10x24x1-furnace-filter-merv-13/,en:591
furnacefilterscanada.com,product,/15x25x1-furnace-filter-merv-13/,en:592
furnacefilterscanada.com,product,/12x20x1-furnace-filter-merv-13/,en:593
furnacefilterscanada.com,product,/14x24x1-furnace-filter-merv-13/,en:594
furnacefilterscanada.com,product,/22x22x1-furnace-filter-merv-13/,en:595
furnacefilterscanada.com,product,/25x25x1-furnace-filter-merv-13/,en:596
furnacefilterscanada.com,product,/fantech-hero-150h-428551-hepa-filter/,en:597
furnacefilterscanada.com,product,/fantech-hero-200h-and-250h-428549-merv-13-filter/,en:598
furnacefilterscanada.com,product,/fantech-40390-fb6-merv-13/,en:599
furnacefilterscanada.com,product,/fantech-414924-replacement-filter-merv-8/,en:600
furnacefilterscanada.com,product,/g1-1056-filter/,en:601
furnacefilterscanada.com,product,/16x20x2-furnace-filter-merv-8-/,en:602
furnacefilterscanada.com,product,/20x25x2-furnace-filter-merv-8-/,en:603
furnacefilterscanada.com,product,/fantech-412447-fml6r-merv-8-replacement-filter/,en:604
furnacefilterscanada.com,product,/fantech-washable-filter-414645/,en:605
furnacefilterscanada.com,product,/fantech-hero-200h-and-250h-428552-hepa-filter/,en:606
furnacefilterscanada.com,product,/g8-1056-filter/,en:607
furnacefilterscanada.com,product,/fantech-414928-replacement-filter-merv-8/,en:608
furnacefilterscanada.com,product,/fantech-414923-replacement-filter-merv-8/,en:609
furnacefilterscanada.com,product,/fantech-414922-replacement-filter-merv-8/,en:610
furnacefilterscanada.com,product,/fantech-414921-replacement-filter-merv-8/,en:611
furnacefilterscanada.com,product,/fantech-463943-replacement-filter-merv-8/,en:612
furnacefilterscanada.com,product,/fantech-463945-replacement-filter-merv-8/,en:613
furnacefilterscanada.com,product,/fantech-aev-80-414767-merv-13-filter-replacement-kit/,en:614
furnacefilterscanada.com,product,/fantech-atmo-150-463944-replacement-filter/,en:615
furnacefilterscanada.com,product,/fantech-atmo-200h-e-463946-merv-13-replacement-filter/,en:616
furnacefilterscanada.com,product,/fantech-vhr-200r-ec-422679-replacement-filter-merv-13/,en:617
furnacefilterscanada.com,product,/fantech-aev-80-445222-merv-8-replacement-filter/,en:618
furnacefilterscanada.com,product,/fantech-washable-filter-414644-merv-6/,en:619
furnacefilterscanada.com,product,/fantech-washable-filter-414646-merv-6/,en:620
furnacefilterscanada.com,product,/fantech-40187-replacement-filter/,en:621
furnacefilterscanada.com,product,/fantech-washable-filter-405577-merv-3/,en:622
furnacefilterscanada.com,product,/fantech-washable-filter-402041-merv-3/,en:623
furnacefilterscanada.com,product,/hc22a1007-honeywell-humidifier-filters/,en:624
furnacefilterscanada.com,product,/fantech-washable-filter-40327-merv-3/,en:625
furnacefilterscanada.com,product,/fc200e1029-merv-13-honeywell-16x25x4/,en:626
furnacefilterscanada.com,product,/fc200e1037-merv-13-honeywell-20x25x4/,en:627
furnacefilterscanada.com,product,/fantech-washable-filter-410779-rcf80/,en:628
furnacefilterscanada.com,product,/fc200e1011-merv-13-honeywell-20x20x4/,en:629
furnacefilterscanada.com,product,/filtrete-16x25x1/,en:630
furnacefilterscanada.com,product,/fantech-washable-filter-428520/,en:631
furnacefilterscanada.com,product,/fantech-washable-filter-40328/,en:632
furnacefilterscanada.com,product,/fc200e1003-merv-13-honeywell-16x20x4/,en:633
furnacefilterscanada.com,product,/fantech-washable-filter-40482-merv-3/,en:634
furnacefilterscanada.com,product,/fantech-washable-filter-405116-merv-3/,en:635
furnacefilterscanada.com,product,/aldes-612409-merv-6-air-exchanger-filter/,en:636
furnacefilterscanada.com,product,/aldes-612410-merv-13-air-exchanger-filter/,en:637
furnacefilterscanada.com,product,/14x20x2-furnace-filter-merv-13/,en:638
furnacefilterscanada.com,product,/fantech-washable-filter-414648-merv-6/,en:639
furnacefilterscanada.com,product,/fantech-washable-filter-422580-merv-3/,en:640
furnacefilterscanada.com,product,/fantech-washable-filter-428519-merv-3/,en:641
furnacefilterscanada.com,product,/fantech-washable-filter-428521-merv-3/,en:642
furnacefilterscanada.com,product,/fantech-463048-hepa-replacement-filter/,en:643
furnacefilterscanada.com,product,/aldes-612405-air-exchanger-filter/,en:644
furnacefilterscanada.com,product,/fantech-463046-merv-8-carbon-replacement-filter/,en:645
furnacefilterscanada.com,product,/greentek-463163-synthetic-media-air-exchanger-filter/,en:646
furnacefilterscanada.com,product,/lifebreath-65-160-polyester-merv6-washable-filters/,en:647
furnacefilterscanada.com,product,/lifebreath-65-161-polyester-merv6-washable-kit/,en:648
furnacefilterscanada.com,product,/lifebreath-65-502r-hepa-replacement-filter/,en:649
furnacefilterscanada.com,product,/lifebreath-65-503r-replacement-tfp-collector/,en:650
furnacefilterscanada.com,product,/carrier-filxxcar0016-furnace-filter-merv-8/,en:651
furnacefilterscanada.com,product,/carrier-filxxcar0020-furnace-filter-merv-8/,en:652
furnacefilterscanada.com,product,/carrier-filxxcar0024-furnace-filter-merv-8/,en:653
furnacefilterscanada.com,product,/carrier-filxxcar0116-furnace-filter-merv-11/,en:654
furnacefilterscanada.com,product,/carrier-filxxcar0120-furnace-filter-merv-11/,en:655
furnacefilterscanada.com,product,/carrier-filxxcar0124-furnace-filter-merv-11/,en:656
furnacefilterscanada.com,product,/dmh4-0855-prefilters/,en:657
furnacefilterscanada.com,product,/venmar-x-series-hepa-21996-air-exchanger-filter/,en:658
furnacefilterscanada.com,product,/20x25x2-polyklean-blue-pad/,en:659
furnacefilterscanada.com,product,/10x20x2-furnace-filter-merv-13-aaf/,en:660
furnacefilterscanada.com,product,/10x20x1-furnace-filter-merv-13-aaf/,en:661
furnacefilterscanada.com,product,/19-1-2-x-29-1-4-x-1-3-4-camfil-dual-9-pleated-filter/,en:662
furnacefilterscanada.com,product,/18x24x2-furnace-filter-merv-8-aaf/,en:663
furnacefilterscanada.com,product,/20x24x2-furnace-filter-merv-8-aaf/,en:664
furnacefilterscanada.com,product,/copy-of-19-1-2-x-29-1-4-x-1-3-4-camfil-dual-9-pleated-filter-6-pack/,en:665
furnacefilterscanada.com,product,/28-1-2-x-31-1-2-x-1-3-4-dual-9-pleated-filter/,en:666
furnacefilterscanada.com,product,/aprilaire-416-16x25-merv16/,en:668
furnacefilterscanada.com,product,/reservepro-generalaire-ga23-vapor-pad/,en:669
furnacefilterscanada.com,product,/aldes-h150-tqg-recovery-core-unit/,en:670
furnacefilterscanada.com,product,/10-1-2-10-1-2-1-perfectpleat-hc-m8/,en:671
furnacefilterscanada.com,product,/17-x-24-x-3-3-4-dual-9-pleated-filter/,en:672
furnacefilterscanada.com,product,/greentek-463044-replacement-filter-kit/,en:673
furnacefilterscanada.com,product,/copy-of-fc100a1037-honeywell-20x25x4-5-pack/,en:675
furnacefilterscanada.com,product,/mah-1056b-electro-air-pleated-media-filter-merv-11/,en:676
furnacefilterscanada.com,product,/fantech-40279-filter-kit-2-filters/,en:677
furnacefilterscanada.com,product,/21x22x1-furnace-filter-merv-8/,en:678
furnacefilterscanada.com,product,/dmh4-0810-carbon-prefilters/,en:679
furnacefilterscanada.com,product,/dmh4-0400-hepa-filter/,en:680
furnacefilterscanada.com,product,/01xs-24z20z12-1d-3-c-a-00-0-00/,en:681
furnacefilterscanada.com,product,/cg-1000-2-24-24/,en:682
furnacefilterscanada.com,product,/aprilaire-10-water-panel/,en:683
furnacefilterscanada.com,product,/greentek-fantech-washable-filter-463939-merv-3/,en:684
furnacefilterscanada.com,product,/amaircare-annual-kit-for-hepa-40-60/,en:685
furnacefilterscanada.com,product,/12x12x1-furnace-filter-merv-8-aaf/,en:686
furnacefilterscanada.com,product,/20x25x1-furnace-filter-merv-8-aaf/,en:687
furnacefilterscanada.com,product,/21-23-amerseal-green-2-ply-aaf/,en:688
furnacefilterscanada.com,product,/18-20-2-prepleat-hc-m11-aaf-12-pack/,en:689
furnacefilterscanada.com,product,/carrier-filxumc082025-furnace-filter-merv-8/,en:690
furnacefilterscanada.com,product,/carrier-filxumc112025-furnace-filter-merv-11/,en:691
furnacefilterscanada.com,product,/carrier-filxumc081625-furnace-filter-merv-8/,en:692
furnacefilterscanada.com,product,/carrier-filxumc082425-furnace-filter-merv-8/,en:693
furnacefilterscanada.com,product,/8-3-4-x-24-x-7-8-dual-9-pleated-filter/,en:694
furnacefilterscanada.com,product,/14x24x1-furnace-filter-dual-9-pleated-filter/,en:695
furnacefilterscanada.com,product,/fantech-414933-merv-8-replacement-filter-kit/,en:696
furnacefilterscanada.com,product,/electro-air-eap900-hepa-air-cleaner-with-uvc-pco/,en:697
furnacefilterscanada.com,product,/lifebreath-65-299r-replacement-tfp-collector/,en:698
furnacefilterscanada.com,product,/9-7-8-15-7-8-1-prepleat-lpd-sc-m10-aaf/,en:699
furnacefilterscanada.com,product,/15-1-2-x-13-1-2-x-7-8-furnace-filter-merv-8/,en:700
furnacefilterscanada.com,product,/7-1-2-x-31-1-2-x-2-dual-9-pleated-filter/,en:701
furnacefilterscanada.com,product,/7-1-2-x-13-1-2-x-7-8-furnace-filter-merv-8/,en:702
furnacefilterscanada.com,product,/16x24x4-furnace-filter-merv-8-extra/,en:703
furnacefilterscanada.com,product,/generalaire-20x25x5-merv-13-3-pack/,en:704
furnacefilterscanada.com,category,/venmar-air-exchanger-parts/,en:12
furnacefilterscanada.com,category,/furnace-filter-size-chart/,en:83
furnacefilterscanada.com,category,/aprilaire-filter/,en:85
furnacefilterscanada.com,category,/aprilaire-water-panel/,en:86
furnacefilterscanada.com,category,/7x20x1/,en:98
furnacefilterscanada.com,category,/10x20/,en:99
furnacefilterscanada.com,category,/10x25x1/,en:101
furnacefilterscanada.com,category,/12x16x1/,en:102
furnacefilterscanada.com,category,/12x20/,en:103
furnacefilterscanada.com,category,/12x24/,en:104
furnacefilterscanada.com,category,/12x25x1/,en:105
furnacefilterscanada.com,category,/14x20/,en:106
furnacefilterscanada.com,category,/14x24x1/,en:107
furnacefilterscanada.com,category,/14x25/,en:108
furnacefilterscanada.com,category,/15x20/,en:109
furnacefilterscanada.com,category,/15x25/,en:110
furnacefilterscanada.com,category,/16x16/,en:111
furnacefilterscanada.com,category,/16x20/,en:112
furnacefilterscanada.com,category,/16x24/,en:113
furnacefilterscanada.com,category,/16x25/,en:114
furnacefilterscanada.com,category,/18x20/,en:115
furnacefilterscanada.com,category,/18x24/,en:116
furnacefilterscanada.com,category,/18x25/,en:117
furnacefilterscanada.com,category,/20x20/,en:118
furnacefilterscanada.com,category,/20x24/,en:119
furnacefilterscanada.com,category,/20x25/,en:120
furnacefilterscanada.com,category,/20x30/,en:121
furnacefilterscanada.com,category,/22x22x1/,en:122
furnacefilterscanada.com,category,/24x24/,en:123
furnacefilterscanada.com,category,/25x25/,en:124
furnacefilterscanada.com,category,/10x20x1/,en:125
furnacefilterscanada.com,category,/10x20x2/,en:126
furnacefilterscanada.com,category,/12x20x1/,en:127
furnacefilterscanada.com,category,/12x20x2/,en:128
furnacefilterscanada.com,category,/12x24x1/,en:129
furnacefilterscanada.com,category,/12x24x2/,en:130
furnacefilterscanada.com,category,/12x24x4/,en:131
furnacefilterscanada.com,category,/14x20x1/,en:132
furnacefilterscanada.com,category,/14x20x2/,en:133
furnacefilterscanada.com,category,/14x25x1/,en:134
furnacefilterscanada.com,category,/14x25x2/,en:135
furnacefilterscanada.com,category,/15x20x1/,en:136
furnacefilterscanada.com,category,/15x20x2/,en:137
furnacefilterscanada.com,category,/15x25x1/,en:138
furnacefilterscanada.com,category,/15x25x2/,en:139
furnacefilterscanada.com,category,/16x16x1/,en:140
furnacefilterscanada.com,category,/16x16x2/,en:141
furnacefilterscanada.com,category,/16x20x2/,en:143
furnacefilterscanada.com,category,/16x20x5/,en:145
furnacefilterscanada.com,category,/16x24x1/,en:146
furnacefilterscanada.com,category,/16x24x2/,en:147
furnacefilterscanada.com,category,/16x24x4/,en:148
furnacefilterscanada.com,category,/16x25x2/,en:150
furnacefilterscanada.com,category,/18x20x1/,en:153
furnacefilterscanada.com,category,/18x20x2/,en:154
furnacefilterscanada.com,category,/18x24x1/,en:155
furnacefilterscanada.com,category,/18x24x2/,en:156
furnacefilterscanada.com,category,/18x25x1/,en:157
furnacefilterscanada.com,category,/18x25x2/,en:158
furnacefilterscanada.com,category,/20x20x2-furnace-filter/,en:160
furnacefilterscanada.com,category,/20x20x4-furnace-filter/,en:161
furnacefilterscanada.com,category,/20x20x5-furnace-filter/,en:162
furnacefilterscanada.com,category,/20x24x1/,en:163
furnacefilterscanada.com,category,/20x24x2/,en:164
furnacefilterscanada.com,category,/20x24x4/,en:165
furnacefilterscanada.com,category,/20x25x2/,en:167
furnacefilterscanada.com,category,/20x25x4-furnace-filter/,en:168
furnacefilterscanada.com,category,/20x25x5-furnace-filter/,en:169
furnacefilterscanada.com,category,/20x30x1/,en:170
furnacefilterscanada.com,category,/20x30x2/,en:171
furnacefilterscanada.com,category,/24x24x1/,en:172
furnacefilterscanada.com,category,/24x24x2/,en:173
furnacefilterscanada.com,category,/25x25x1/,en:174
furnacefilterscanada.com,category,/25x25x2/,en:175
furnacefilterscanada.com,category,/24x24x4-furnace-filter/,en:176
furnacefilterscanada.com,category,/18x24x4/,en:177
furnacefilterscanada.com,category,/camfil-hi-flo-es/,en:180
furnacefilterscanada.com,category,/humidifier-pads/,en:187
furnacefilterscanada.com,category,/16x20x1/,en:191
furnacefilterscanada.com,category,/16x25x4-furnace-filter/,en:193
furnacefilterscanada.com,category,/16x25x5-furnace-filter/,en:194
furnacefilterscanada.com,category,/furnace-filters-16x25x1/,en:196
furnacefilterscanada.com,category,/20x20x1/,en:197
furnacefilterscanada.com,category,/20x25x1/,en:198
furnacefilterscanada.com,category,/16x20x4-furnace-filter/,en:199
furnacefilterscanada.com,category,/10x24/,en:252
furnacefilterscanada.com,category,/10x24x1/,en:253
furnacefilterscanada.com,category,/10x25/,en:255
furnacefilterscanada.com,category,/12x16/,en:257
furnacefilterscanada.com,category,/12x25/,en:258
furnacefilterscanada.com,category,/14x24/,en:259
furnacefilterscanada.com,category,/22x22/,en:260
furnacefilterscanada.com,category,/10x10/,en:261
furnacefilterscanada.com,category,/10x10x1-furnace-filter/,en:262
furnacefilterscanada.com,category,/12x12/,en:263
furnacefilterscanada.com,category,/12x12x1/,en:264
furnacefilterscanada.com,category,/7x20/,en:266
furnacefilterscanada.com,category,/25x29/,en:267
furnacefilterscanada.com,category,/25x29x4/,en:268
furnacefilterscanada.com,category,/16x25x3/,en:269
furnacefilterscanada.com,category,/15-3-8-x-21-7-8-x-5-1-4/,en:270
furnacefilterscanada.com,category,/m1-1056-furnace-filter/,en:271
furnacefilterscanada.com,category,/20-1-4-x-20-3-4-x-5-1-4/,en:273
furnacefilterscanada.com,category,/20-1-4-x-25-3-8-x-5-1-4/,en:274
furnacefilterscanada.com,category,/fc100a1011/,en:275
furnacefilterscanada.com,category,/fc100a1029-honeywell/,en:276
furnacefilterscanada.com,category,/fc100a1037-honeywell/,en:277
furnacefilterscanada.com,category,/hide/,en:278
furnacefilterscanada.com,category,/air-purifiers/,en:279
furnacefilterscanada.com,category,/16x20x1-furnace-filter/,en:280
furnacefilterscanada.com,category,/charcoal-furnace-filter/,en:282
furnacefilterscanada.com,category,/merv-11-filter/,en:283
furnacefilterscanada.com,category,/merv-13-filter/,en:287
furnacefilterscanada.com,category,/furnace-humidifier-filter/,en:289
furnacefilterscanada.com,category,/honeywell-furnace-humidifier-filter/,en:290
furnacefilterscanada.com,category,/generalaire-humidifier-filter/,en:291
furnacefilterscanada.com,category,/15-3-8x25-1-2x5-1-4/,en:292
furnacefilterscanada.com,category,/aprilaire-water-panel-1/,en:293
furnacefilterscanada.com,category,/16x20x4-merv-11/,en:306
furnacefilterscanada.com,category,/16x25x4-merv-11/,en:307
furnacefilterscanada.com,category,/20x20x4-merv-11/,en:308
furnacefilterscanada.com,category,/20x25x4-merv-11/,en:309
furnacefilterscanada.com,category,/24x24x4-merv-11/,en:310
furnacefilterscanada.com,category,/12x20x1-merv-11/,en:311
furnacefilterscanada.com,category,/14x25x1-merv-11/,en:312
furnacefilterscanada.com,category,/16x20x1-merv-11/,en:313
furnacefilterscanada.com,category,/16x24x1-merv-11/,en:314
furnacefilterscanada.com,category,/16x25x1-merv-11/,en:315
furnacefilterscanada.com,category,/18x20x1-merv-11/,en:316
furnacefilterscanada.com,category,/18x24x1-merv-11/,en:317
furnacefilterscanada.com,category,/18x25x1-merv-11/,en:318
furnacefilterscanada.com,category,/20x20x1-merv-11/,en:319
furnacefilterscanada.com,category,/20x24x1-merv-11/,en:320
furnacefilterscanada.com,category,/20x25x1-merv-11/,en:321
furnacefilterscanada.com,category,/12x24x2-merv-11/,en:322
furnacefilterscanada.com,category,/14x20x2-merv-11/,en:323
furnacefilterscanada.com,category,/16x20x2-merv-11/,en:324
furnacefilterscanada.com,category,/16x25x2-merv-11/,en:325
furnacefilterscanada.com,category,/20x20x2-merv-11/,en:326
furnacefilterscanada.com,category,/20x25x2-merv-11/,en:327
furnacefilterscanada.com,category,/24x24x2-merv-11/,en:328
furnacefilterscanada.com,category,/12x24x2-merv-13/,en:329
furnacefilterscanada.com,category,/14x20x2-merv-13/,en:330
furnacefilterscanada.com,category,/16x20x4-merv-13/,en:331
furnacefilterscanada.com,category,/16x25x4-merv-13/,en:332
furnacefilterscanada.com,category,/20x20x4-merv-13/,en:333
furnacefilterscanada.com,category,/20x25x4-merv-13/,en:334
furnacefilterscanada.com,category,/24x24x4-merv-13/,en:335
furnacefilterscanada.com,category,/16x20x2-merv-13/,en:336
furnacefilterscanada.com,category,/16x25x2-merv-13/,en:337
furnacefilterscanada.com,category,/20x20x2-merv-13/,en:338
furnacefilterscanada.com,category,/20x25x2-merv-13/,en:339
furnacefilterscanada.com,category,/24x24x2-merv-13/,en:340
furnacefilterscanada.com,category,/16x25x1-merv-13/,en:341
furnacefilterscanada.com,category,/merv-8-filter/,en:342
furnacefilterscanada.com,category,/12x20x1-merv-8/,en:343
furnacefilterscanada.com,category,/14x25x1-merv-8/,en:344
furnacefilterscanada.com,category,/16x20x1-merv-8/,en:345
furnacefilterscanada.com,category,/16x24x1-merv-8/,en:346
furnacefilterscanada.com,category,/16x25x1-merv-8/,en:347
furnacefilterscanada.com,category,/18x20x1-merv-8/,en:348
furnacefilterscanada.com,category,/18x24x1-merv-8/,en:349
furnacefilterscanada.com,category,/18x25x1-merv-8/,en:350
furnacefilterscanada.com,category,/20x20x1-merv-8/,en:351
furnacefilterscanada.com,category,/20x24x1-merv-8/,en:352
furnacefilterscanada.com,category,/20x25x1-merv-8/,en:353
furnacefilterscanada.com,category,/m8/,en:354
furnacefilterscanada.com,category,/12x24x2-merv-8/,en:355
furnacefilterscanada.com,category,/14x20x2-merv-8/,en:356
furnacefilterscanada.com,category,/16x20x2-merv-8/,en:357
furnacefilterscanada.com,category,/16x25x2-merv-8/,en:358
furnacefilterscanada.com,category,/20x20x2-merv-8/,en:359
furnacefilterscanada.com,category,/20x25x2-merv-8/,en:360
furnacefilterscanada.com,category,/24x24x2-merv-8/,en:361
furnacefilterscanada.com,category,/16x20x4-merv-8/,en:362
furnacefilterscanada.com,category,/16x25x4-merv-8/,en:363
furnacefilterscanada.com,category,/20x20x4-merv-8/,en:364
furnacefilterscanada.com,category,/20x25x4-merv-8/,en:365
furnacefilterscanada.com,category,/24x24x4-merv-8/,en:366
furnacefilterscanada.com,category,/m11/,en:367
furnacefilterscanada.com,category,/m13/,en:368
furnacefilterscanada.com,category,/merv-9-filter/,en:369
furnacefilterscanada.com,category,/16x20x1-merv-13/,en:370
furnacefilterscanada.com,category,/20x20x1-merv-13/,en:371
furnacefilterscanada.com,category,/20x25x1-merv-13/,en:372
furnacefilterscanada.com,category,/24x24x1-merv-13/,en:373
furnacefilterscanada.com,category,/14x20x1-merv-13/,en:374
furnacefilterscanada.com,category,/14x25x1-merv-13/,en:375
furnacefilterscanada.com,category,/16x24x1-merv-13/,en:376
furnacefilterscanada.com,category,/15x20x1-merv-13/,en:377
furnacefilterscanada.com,category,/12x24x1-merv-13/,en:378
furnacefilterscanada.com,category,/20x24x1-merv-13/,en:379
furnacefilterscanada.com,category,/10x20x1-merv-13/,en:380
furnacefilterscanada.com,category,/18x25x1-merv-13/,en:381
furnacefilterscanada.com,category,/16x16x1-merv-13/,en:382
furnacefilterscanada.com,category,/18x24x1-merv-13/,en:383
furnacefilterscanada.com,category,/15x25x1-merv-13/,en:384
furnacefilterscanada.com,category,/10x24x1-merv-13/,en:385
furnacefilterscanada.com,category,/12x20x1-merv-13/,en:386
furnacefilterscanada.com,category,/14x24x1-merv-13/,en:387
furnacefilterscanada.com,category,/22x22x1-merv-13/,en:388
furnacefilterscanada.com,category,/25x25x1-merv-13/,en:389
furnacefilterscanada.com,category,/12x24x4-merv-13/,en:390
furnacefilterscanada.com,category,/16x24x4-merv-13/,en:391
furnacefilterscanada.com,category,/18x24x4-merv-13/,en:392
furnacefilterscanada.com,category,/20x24x4-merv-13/,en:393
furnacefilterscanada.com,category,/12x20x2-merv-13/,en:394
furnacefilterscanada.com,category,/14x25x2-merv-13/,en:395
furnacefilterscanada.com,category,/15x20x2-merv-13/,en:396
furnacefilterscanada.com,category,/16x24x2-merv-13/,en:399
furnacefilterscanada.com,category,/18x24x2-merv-13/,en:401
furnacefilterscanada.com,category,/20x24x2-merv-13/,en:403
furnacefilterscanada.com,category,/25x25x2-merv-13/,en:404
furnacefilterscanada.com,category,/25x25x4/,en:406
furnacefilterscanada.com,category,/10x20x2-merv-13/,en:407
furnacefilterscanada.com,category,/francais/,en:408
furnacefilterscanada.com,page,/rss-syndication/,en:page:1
furnacefilterscanada.com,page,/our-story/,en:page:3
furnacefilterscanada.com,page,/contact/,en:page:4
furnacefilterscanada.com,page,/free-shipping/,en:page:5
furnacefilterscanada.com,page,/legal-privacy/,en:page:6
furnacefilterscanada.com,page,/sales-conditions/,en:page:7
furnacefilterscanada.com,page,/killer-tips/,en:page:8
furnacefilterscanada.com,page,/what-is-merv-rating/,en:page:12
furnacefilterscanada.com,page,/learn-how-to-change-the-filter-in-your-furnace/,en:page:16
furnacefilterscanada.com,page,/merv-8-vs-merv-11/,en:page:55
furnacefilterscanada.com,page,/blog/,en:page:66
furnacefilterscanada.com,page,/returns/,en:page:68
furnacefilterscanada.com,page,,en:page:71
furnacefilterscanada.com,page,,en:page:74
furnacefilterscanada.com,page,/testimonials/,en:page:77
furnacefilterscanada.com,page,/camfil/,en:page:79
furnacefilterscanada.com,page,/camfil-30-30/,en:page:85
furnacefilterscanada.com,page,/covid-19/,en:page:131
furnacefilterscanada.com,page,/cat_2020/,en:page:135
furnacefilterscanada.com,page,,en:page:136
furnacefilterscanada.com,page,/customer-support/,en:page:138
furnacefilterscanada.com,page,/learning-center/,en:page:139
furnacefilterscanada.com,page,,en:page:140
furnacefilterscanada.com,page,,en:page:141
furnacefilterscanada.com,page,/furnace-filters-edmonton/,en:page:142
furnacefilterscanada.com,page,/how-often-to-change-furnace-filter/,en:page:143
furnacefilterscanada.com,page,/which-way-does-furnace-filter-go/,en:page:144
furnacefilterscanada.com,page,,en:page:145
furnacefilterscanada.com,page,/contact-v2/,en:page:149
furnacefilterscanada.com,page,/_23-dec/,en:page:150
furnacefilterscanada.com,page,/01/,en:page:151
furnacefilterscanada.com,page,/v3/,en:page:152
furnacefilterscanada.com,page,/francais-1/,en:page:153
